,Home_Team_Initials,Away_Team_Initials,Weight,HomeTeamTotal
0,FRA,MEX,1.0,0.0
1,USA,BEL,1.0,3.0
2,YUG,BRA,1.0,0.0
3,ROU,PER,1.0,1.0
4,ARG,FRA,1.0,1.0
5,CHI,MEX,1.0,0.0
6,YUG,BOL,1.0,0.0
7,USA,PAR,4.0,0.0
8,URU,PER,1.0,1.0
9,CHI,FRA,3.0,2.0
10,ARG,MEX,3.0,2.0
11,BRA,BOL,1.0,0.0
12,PAR,BEL,1.0,1.0
13,URU,ROU,1.0,0.0
14,ARG,CHI,1.0,1.0
15,ARG,USA,3.0,2.0
16,URU,YUG,1.0,3.0
17,URU,ARG,2.0,2.0
18,AUT,FRA,2.0,0.0
19,HUN,EGY,1.0,1.0
20,SUI,NED,1.0,0.0
21,SWE,ARG,1.0,2.0
22,GER,BEL,1.0,2.0
23,ESP,BRA,2.0,1.0
24,ITA,USA,1.0,2.0
25,TCH,ROU,1.0,1.0
26,TCH,SUI,1.0,3.0
27,GER,SWE,1.0,1.0
28,ITA,ESP,2.0,0.0
29,AUT,HUN,3.0,4.0
30,ITA,ESP,1.0,4.0
31,ITA,AUT,3.0,2.0
32,TCH,GER,1.0,4.0
33,GER,AUT,1.0,1.0
34,ITA,TCH,1.0,1.0
35,SUI,GER,1.0,5.0
36,HUN,INH,1.0,1.0
37,FRA,BEL,1.0,3.0
38,CUB,ROU,3.0,4.0
39,ITA,NOR,1.0,2.0
40,BRA,POL,1.0,3.0
41,TCH,NED,1.0,6.0
42,CUB,ROU,1.0,3.0
43,SUI,GER,1.0,1.0
44,BRA,TCH,1.0,2.0
45,HUN,SUI,1.0,3.0
46,SWE,CUB,1.0,6.0
47,ITA,FRA,1.0,2.0
48,BRA,TCH,1.0,1.0
49,HUN,SWE,2.0,6.0
50,ITA,BRA,1.0,2.0
51,BRA,SWE,1.0,1.0
52,ITA,HUN,1.0,2.0
53,BRA,MEX,1.0,2.0
54,ENG,CHI,1.0,1.0
55,ESP,USA,1.0,6.0
56,SWE,ITA,2.0,0.0
57,YUG,SUI,1.0,0.0
58,BRA,SUI,1.0,0.0
59,YUG,MEX,1.0,3.0
60,ESP,CHI,1.0,2.0
61,SWE,PAR,1.0,2.0
62,USA,ENG,2.0,2.0
63,BRA,YUG,1.0,0.0
64,ESP,ENG,1.0,3.0
65,ITA,PAR,2.0,3.0
66,URU,BOL,1.0,2.0
67,SUI,MEX,2.0,2.0
68,CHI,USA,2.0,1.0
69,URU,ESP,1.0,7.0
70,BRA,SWE,1.0,1.0
71,BRA,ESP,2.0,0.0
72,URU,SWE,1.0,5.0
73,SWE,ESP,1.0,3.0
74,URU,BRA,1.0,2.0
75,URU,TCH,1.0,2.0
76,AUT,SCO,1.0,1.0
77,BRA,MEX,2.0,1.0
78,YUG,FRA,1.0,1.0
79,FRG,TUR,1.0,2.0
80,HUN,KOR,1.0,0.0
81,ENG,BEL,5.0,1.0
82,SUI,ITA,1.0,1.0
83,URU,SCO,1.0,2.0
84,AUT,TCH,1.0,1.0
85,FRA,MEX,2.0,1.0
86,BRA,YUG,1.0,3.0
87,HUN,FRG,2.0,1.0
88,TUR,KOR,1.0,3.0
89,ENG,SUI,3.0,0.0
90,ITA,BEL,3.0,3.0
91,FRG,TUR,4.0,2.0
92,SUI,ITA,1.0,3.0
93,URU,ENG,2.0,1.0
94,AUT,SUI,1.0,1.0
95,FRG,YUG,3.0,0.0
96,HUN,BRA,1.0,2.0
97,FRG,AUT,4.0,1.0
98,HUN,URU,3.0,3.0
99,AUT,URU,1.0,2.0
100,FRG,HUN,1.0,4.0
101,SWE,MEX,2.0,2.0
102,URS,ENG,4.0,1.0
103,ARG,FRG,1.0,3.0
104,HUN,WAL,1.0,4.0
105,FRA,PAR,1.0,4.0
106,YUG,SCO,3.0,3.0
107,BRA,AUT,1.0,3.0
108,NIR,TCH,5.0,2.0
109,BRA,ENG,5.0,1.0
110,MEX,WAL,2.0,1.0
111,PAR,SCO,2.0,3.0
112,YUG,FRA,1.0,3.0
113,URS,AUT,1.0,0.0
114,FRG,TCH,1.0,1.0
115,ARG,NIR,3.0,3.0
116,SWE,HUN,1.0,0.0
117,SWE,WAL,1.0,2.0
118,BRA,URS,2.0,6.0
119,FRG,NIR,1.0,0.0
120,HUN,MEX,1.0,1.0
121,PAR,YUG,1.0,5.0
122,FRA,SCO,1.0,1.0
123,ENG,AUT,1.0,1.0
124,TCH,ARG,2.0,3.0
125,URS,ENG,1.0,0.0
126,NIR,TCH,1.0,2.0
127,WAL,HUN,1.0,4.0
128,BRA,WAL,1.0,3.0
129,FRG,YUG,1.0,0.0
130,SWE,URS,1.0,2.0
131,FRA,NIR,2.0,4.0
132,SWE,FRG,1.0,5.0
133,BRA,FRA,1.0,0.0
134,FRA,FRG,1.0,1.0
135,BRA,SWE,1.0,1.0
136,URU,COL,1.0,4.0
137,BRA,MEX,1.0,3.0
138,ARG,BUL,1.0,4.0
139,CHI,SUI,1.0,0.0
140,URS,YUG,1.0,3.0
141,TCH,ESP,1.0,4.0
142,HUN,ENG,1.0,6.0
143,FRG,ITA,1.0,2.0
144,YUG,URU,1.0,3.0
145,BRA,TCH,1.0,2.0
146,ENG,ARG,1.0,1.0
147,CHI,ITA,1.0,2.0
148,URS,COL,1.0,4.0
149,ESP,MEX,1.0,2.0
150,HUN,BUL,1.0,1.0
151,FRG,SUI,1.0,2.0
152,URS,URU,1.0,4.0
153,BRA,ESP,1.0,5.0
154,HUN,ARG,1.0,7.0
155,FRG,CHI,2.0,0.0
156,YUG,COL,1.0,1.0
157,MEX,TCH,1.0,2.0
158,ENG,BUL,2.0,3.0
159,ITA,SUI,1.0,4.0
160,CHI,URS,1.0,1.0
161,BRA,ENG,1.0,2.0
162,TCH,HUN,1.0,2.0
163,YUG,FRG,2.0,3.0
164,TCH,YUG,2.0,1.0
165,BRA,CHI,1.0,1.0
166,CHI,YUG,1.0,0.0
167,BRA,TCH,1.0,1.0
168,ENG,URU,1.0,2.0
169,FRG,SUI,1.0,2.0
170,BRA,BUL,1.0,4.0
171,URS,PRK,1.0,1.0
172,FRA,MEX,1.0,1.0
173,POR,HUN,1.0,1.0
174,ARG,ESP,1.0,1.0
175,ITA,CHI,1.0,0.0
176,URU,FRA,1.0,3.0
177,ESP,SUI,1.0,0.0
178,HUN,BRA,1.0,1.0
179,PRK,CHI,2.0,1.0
180,POR,BUL,1.0,1.0
181,FRG,ARG,2.0,1.0
182,URS,ITA,1.0,1.0
183,ENG,MEX,1.0,2.0
184,URU,MEX,1.0,3.0
185,ARG,SUI,1.0,1.0
186,POR,BRA,1.0,3.0
187,PRK,ITA,1.0,2.0
188,ENG,FRA,2.0,5.0
189,HUN,BUL,1.0,1.0
190,FRG,ESP,1.0,0.0
191,URS,CHI,1.0,2.0
192,ENG,ARG,1.0,0.0
193,FRG,URU,1.0,3.0
194,URS,HUN,1.0,1.0
195,POR,PRK,1.0,1.0
196,FRG,URS,2.0,2.0
197,ENG,POR,1.0,0.0
198,POR,URS,2.0,1.0
199,ENG,FRG,1.0,0.0
200,MEX,URS,1.0,1.0
201,URU,ISR,1.0,1.0
202,PER,BUL,2.0,2.0
203,ENG,ROU,1.0,2.0
204,ITA,SWE,1.0,0.0
205,FRG,MAR,1.0,2.0
206,BRA,TCH,1.0,0.0
207,BEL,SLV,1.0,3.0
208,URU,ITA,2.0,1.0
209,PER,MAR,1.0,1.0
210,ROU,TCH,2.0,2.0
211,URS,BEL,2.0,2.0
212,SWE,ISR,1.0,0.0
213,FRG,BUL,2.0,1.0
214,BRA,ENG,1.0,1.0
215,MEX,SLV,2.0,1.0
216,SWE,URU,1.0,1.0
217,FRG,PER,1.0,2.0
218,BRA,ROU,1.0,0.0
219,URS,SLV,2.0,1.0
220,ITA,ISR,1.0,2.0
221,BUL,MAR,3.0,3.0
222,ENG,TCH,1.0,0.0
223,MEX,BEL,1.0,0.0
224,ITA,MEX,1.0,0.0
225,FRG,ENG,1.0,1.0
226,BRA,PER,1.0,2.0
227,URU,URS,2.0,2.0
228,BRA,URU,2.0,1.0
229,ITA,FRG,1.0,1.0
230,FRG,URU,1.0,6.0
231,BRA,ITA,2.0,3.0
232,BRA,YUG,2.0,1.0
233,FRG,CHI,1.0,0.0
234,GDR,AUS,1.0,0.0
235,ZAI,SCO,1.0,0.0
236,URU,NED,1.0,1.0
237,SWE,BUL,1.0,3.0
238,ITA,HAI,4.0,2.0
239,POL,ARG,2.0,1.0
240,AUS,FRG,2.0,4.0
241,SCO,BRA,2.0,1.0
242,CHI,GDR,2.0,0.0
243,YUG,ZAI,1.0,2.0
244,NED,SWE,1.0,3.0
245,BUL,URU,1.0,1.0
246,HAI,POL,1.0,1.0
247,ARG,ITA,1.0,2.0
248,SCO,YUG,1.0,3.0
249,AUS,CHI,1.0,4.0
250,ZAI,BRA,2.0,1.0
251,GDR,FRG,2.0,1.0
252,BUL,NED,1.0,1.0
253,ARG,HAI,3.0,0.0
254,SWE,URU,1.0,2.0
255,POL,ITA,3.0,0.0
256,YUG,FRG,2.0,1.0
257,BRA,GDR,1.0,3.0
258,NED,ARG,1.0,3.0
259,SWE,POL,2.0,0.0
260,ARG,BRA,1.0,2.0
261,POL,YUG,2.0,1.0
262,GDR,NED,2.0,2.0
263,FRG,SWE,1.0,1.0
264,POL,FRG,1.0,1.0
265,NED,BRA,1.0,2.0
266,ARG,GDR,1.0,2.0
267,SWE,YUG,2.0,2.0
268,BRA,POL,1.0,0.0
269,NED,FRG,2.0,1.0
270,FRG,POL,1.0,1.0
271,ITA,FRA,2.0,0.0
272,TUN,MEX,1.0,3.0
273,ARG,HUN,1.0,6.0
274,SWE,BRA,2.0,0.0
275,AUT,ESP,3.0,2.0
276,PER,SCO,1.0,0.0
277,NED,IRN,1.0,1.0
278,ITA,HUN,1.0,1.0
279,POL,TUN,2.0,1.0
280,FRG,MEX,3.0,2.0
281,ARG,FRA,1.0,1.0
282,BRA,ESP,1.0,0.0
283,AUT,SWE,2.0,2.0
284,SCO,IRN,1.0,1.0
285,NED,PER,1.0,1.0
286,FRA,HUN,1.0,2.0
287,POL,MEX,1.0,0.0
288,FRG,TUN,1.0,3.0
289,ITA,ARG,2.0,1.0
290,BRA,AUT,1.0,0.0
291,ESP,SWE,1.0,2.0
292,PER,IRN,1.0,3.0
293,SCO,NED,1.0,3.0
294,FRG,ITA,2.0,1.0
295,NED,AUT,1.0,3.0
296,BRA,PER,1.0,4.0
297,ARG,POL,1.0,3.0
298,POL,PER,1.0,1.0
299,ITA,AUT,2.0,2.0
300,FRG,NED,1.0,3.0
301,ARG,BRA,2.0,4.0
302,NED,ITA,2.0,2.0
303,AUT,FRG,1.0,2.0
304,BRA,POL,1.0,0.0
305,ARG,PER,1.0,6.0
306,BRA,ITA,2.0,0.0
307,ARG,NED,1.0,3.0
308,ARG,BEL,1.0,3.0
309,ITA,POL,2.0,1.0
310,BRA,URS,1.0,4.0
311,PER,CMR,1.0,4.0
312,HUN,SLV,1.0,0.0
313,SCO,NZL,1.0,1.0
314,FRG,ALG,1.0,3.0
315,ENG,FRA,1.0,4.0
316,ESP,HON,1.0,2.0
317,CHI,AUT,2.0,4.0
318,TCH,KUW,2.0,1.0
319,YUG,NIR,1.0,7.0
320,ITA,PER,1.0,1.0
321,ARG,HUN,1.0,3.0
322,BRA,SCO,1.0,2.0
323,POL,CMR,1.0,0.0
324,BEL,SLV,1.0,0.0
325,URS,NZL,1.0,1.0
326,FRG,CHI,1.0,1.0
327,ENG,TCH,1.0,0.0
328,ESP,YUG,1.0,1.0
329,ALG,AUT,1.0,0.0
330,FRA,KUW,1.0,1.0
331,HON,NIR,1.0,1.0
332,POL,PER,1.0,6.0
333,BEL,HUN,1.0,5.0
334,URS,SCO,1.0,1.0
335,ITA,CMR,1.0,2.0
336,ARG,SLV,1.0,4.0
337,BRA,NZL,1.0,1.0
338,ALG,CHI,1.0,0.0
339,FRA,TCH,1.0,1.0
340,HON,YUG,1.0,3.0
341,FRG,AUT,4.0,2.0
342,ENG,KUW,1.0,3.0
343,NIR,ESP,4.0,3.0
344,AUT,FRA,1.0,0.0
345,POL,BEL,2.0,2.0
346,ITA,ARG,2.0,0.0
347,FRG,ENG,2.0,6.0
348,AUT,NIR,1.0,2.0
349,BEL,URS,1.0,2.0
350,ARG,BRA,1.0,3.0
351,FRG,ESP,1.0,0.0
352,FRA,NIR,3.0,2.0
353,POL,URS,5.0,2.0
354,ITA,BRA,2.0,5.0
355,ESP,ENG,1.0,4.0
356,POL,ITA,1.0,1.0
357,FRG,FRA,2.0,2.0
358,POL,FRA,2.0,0.0
359,ITA,FRG,1.0,4.0
360,BUL,ITA,2.0,7.0
361,CAN,FRA,3.0,5.0
362,ESP,BRA,1.0,2.0
363,URS,HUN,2.0,1.0
364,ARG,KOR,1.0,4.0
365,MAR,POL,1.0,1.0
366,ALG,NIR,1.0,2.0
367,BEL,MEX,1.0,4.0
368,POR,ENG,2.0,2.0
369,PAR,IRQ,1.0,1.0
370,SCO,DEN,2.0,0.0
371,URU,FRG,3.0,2.0
372,ITA,ARG,1.0,1.0
373,FRA,URS,1.0,4.0
374,KOR,BUL,1.0,3.0
375,HUN,CAN,1.0,3.0
376,BRA,ALG,1.0,5.0
377,ENG,MAR,2.0,1.0
378,NIR,ESP,1.0,0.0
379,MEX,PAR,1.0,4.0
380,POL,POR,1.0,0.0
381,IRQ,BEL,1.0,4.0
382,DEN,URU,1.0,0.0
383,FRG,SCO,1.0,1.0
384,HUN,FRA,1.0,2.0
385,URS,CAN,1.0,1.0
386,KOR,ITA,1.0,2.0
387,ARG,BUL,1.0,0.0
388,PAR,BEL,2.0,1.0
389,IRQ,MEX,1.0,3.0
390,POR,MAR,1.0,8.0
391,ENG,POL,1.0,2.0
392,NIR,BRA,1.0,1.0
393,ALG,ESP,1.0,1.0
394,SCO,URU,1.0,3.0
395,DEN,FRG,1.0,4.0
396,URS,BEL,1.0,0.0
397,MEX,BUL,1.0,2.0
398,ARG,URU,1.0,1.0
399,BRA,POL,1.0,2.0
400,ITA,FRA,1.0,2.0
401,MAR,FRG,1.0,1.0
402,ENG,PAR,1.0,0.0
403,DEN,ESP,1.0,1.0
404,BRA,FRA,1.0,2.0
405,FRG,MEX,1.0,0.0
406,ESP,BEL,1.0,2.0
407,ARG,ENG,2.0,0.0
408,FRA,FRG,1.0,2.0
409,ARG,BEL,1.0,0.0
410,FRA,BEL,1.0,0.0
411,ARG,FRG,1.0,1.0
412,ARG,CMR,1.0,1.0
413,URS,ROU,1.0,0.0
414,UAE,COL,1.0,0.0
415,ITA,AUT,1.0,0.0
416,USA,TCH,1.0,3.0
417,BRA,SWE,1.0,4.0
418,FRG,YUG,1.0,3.0
419,CRC,SCO,1.0,6.0
420,ENG,IRL,5.0,2.0
421,BEL,KOR,1.0,4.0
422,NED,EGY,1.0,2.0
423,URU,ESP,3.0,0.0
424,ARG,URS,1.0,8.0
425,CMR,ROU,1.0,6.0
426,YUG,COL,2.0,9.0
427,ITA,USA,1.0,4.0
428,AUT,TCH,1.0,10.0
429,FRG,UAE,1.0,2.0
430,BRA,CRC,1.0,5.0
431,SWE,SCO,1.0,4.0
432,ENG,NED,1.0,1.0
433,IRL,EGY,1.0,1.0
434,KOR,ESP,1.0,0.0
435,BEL,URU,1.0,1.0
436,ARG,ROU,1.0,0.0
437,CMR,URS,1.0,0.0
438,FRG,COL,3.0,1.0
439,YUG,UAE,1.0,0.0
440,ITA,TCH,1.0,1.0
441,AUT,USA,1.0,0.0
442,BRA,SCO,1.0,1.0
443,SWE,CRC,1.0,2.0
444,KOR,URU,1.0,1.0
445,BEL,ESP,2.0,1.0
446,IRL,NED,1.0,2.0
447,ENG,EGY,1.0,4.0
448,CMR,COL,1.0,2.0
449,TCH,CRC,1.0,3.0
450,BRA,ARG,1.0,2.0
451,FRG,NED,1.0,1.0
452,IRL,ROU,2.0,3.0
453,ITA,URU,2.0,0.0
454,ESP,YUG,1.0,1.0
455,ENG,BEL,1.0,2.0
456,YUG,ARG,2.0,2.0
457,ITA,IRL,1.0,1.0
458,FRG,TCH,1.0,2.0
459,ENG,CMR,1.0,0.0
460,ITA,ARG,1.0,1.0
461,FRG,ENG,1.0,2.0
462,ITA,ENG,1.0,3.0
463,FRG,ARG,1.0,3.0
464,ESP,KOR,1.0,4.0
465,GER,BOL,1.0,2.0
466,USA,SUI,1.0,3.0
467,ITA,IRL,1.0,3.0
468,COL,ROU,1.0,4.0
469,BEL,MAR,1.0,0.0
470,NOR,MEX,1.0,1.0
471,CMR,SWE,1.0,0.0
472,NED,KSA,1.0,1.0
473,BRA,RUS,1.0,4.0
474,ARG,GRE,1.0,1.0
475,NGA,BUL,1.0,2.0
476,GER,ESP,1.0,1.0
477,ROU,SUI,2.0,1.0
478,USA,COL,1.0,2.0
479,ITA,NOR,2.0,1.0
480,KOR,BOL,1.0,0.0
481,MEX,IRL,1.0,3.0
482,SWE,RUS,1.0,1.0
483,BRA,CMR,1.0,2.0
484,BEL,NED,1.0,3.0
485,KSA,MAR,2.0,0.0
486,ARG,NGA,1.0,2.0
487,BUL,GRE,1.0,1.0
488,USA,ROU,1.0,7.0
489,SUI,COL,1.0,1.0
490,GER,KOR,1.0,2.0
491,BOL,ESP,1.0,1.0
492,IRL,NOR,1.0,1.0
493,BRA,SWE,1.0,1.0
494,ITA,MEX,1.0,0.0
495,RUS,CMR,1.0,0.0
496,MAR,NED,1.0,1.0
497,BEL,KSA,2.0,1.0
498,GRE,NGA,1.0,0.0
499,ARG,BUL,1.0,2.0
500,GER,BEL,1.0,0.0
501,ESP,SUI,1.0,0.0
502,KSA,SWE,1.0,1.0
503,ROU,ARG,1.0,1.0
504,NED,IRL,1.0,2.0
505,BRA,USA,1.0,2.0
506,NGA,ITA,1.0,1.0
507,MEX,BUL,1.0,2.0
508,ITA,ESP,1.0,2.0
509,NED,BRA,1.0,2.0
510,BUL,GER,1.0,0.0
511,ROU,SWE,1.0,1.0
512,BUL,ITA,1.0,0.0
513,SWE,BRA,1.0,0.0
514,SWE,BUL,1.0,0.0
515,BRA,ITA,1.0,2.0
516,BRA,SCO,1.0,1.0
517,MAR,NOR,1.0,0.0
518,ITA,CHI,1.0,0.0
519,CMR,AUT,1.0,1.0
520,PAR,BUL,1.0,2.0
521,KSA,DEN,1.0,0.0
522,FRA,RSA,1.0,0.0
523,ESP,NGA,1.0,1.0
524,KOR,MEX,1.0,1.0
525,NED,BEL,1.0,2.0
526,ARG,JPN,1.0,1.0
527,YUG,IRN,1.0,2.0
528,JAM,CRO,1.0,2.0
529,ENG,TUN,1.0,3.0
530,ROU,COL,1.0,1.0
531,GER,USA,1.0,1.0
532,SCO,NOR,1.0,4.0
533,BRA,MAR,1.0,3.0
534,CHI,AUT,1.0,0.0
535,ITA,CMR,1.0,0.0
536,RSA,DEN,2.0,0.0
537,FRA,KSA,1.0,1.0
538,NGA,BUL,2.0,0.0
539,ESP,PAR,1.0,2.0
540,JPN,CRO,1.0,4.0
541,BEL,MEX,1.0,5.0
542,NED,KOR,1.0,0.0
543,GER,YUG,1.0,2.0
544,ARG,JAM,1.0,2.0
545,USA,IRN,1.0,2.0
546,COL,TUN,1.0,0.0
547,ROU,ENG,1.0,1.0
548,ITA,AUT,2.0,2.0
549,CHI,CMR,2.0,1.0
550,SCO,MAR,2.0,0.0
551,BRA,NOR,1.0,1.0
552,FRA,DEN,1.0,2.0
553,RSA,KSA,1.0,3.0
554,ESP,BUL,1.0,2.0
555,NGA,PAR,1.0,1.0
556,BEL,KOR,1.0,5.0
557,NED,MEX,1.0,2.0
558,GER,IRN,1.0,2.0
559,USA,YUG,1.0,0.0
560,JPN,JAM,1.0,2.0
561,ARG,CRO,2.0,0.0
562,ROU,TUN,1.0,2.0
563,COL,ENG,1.0,2.0
564,ITA,NOR,1.0,1.0
565,BRA,CHI,1.0,1.0
566,FRA,PAR,1.0,3.0
567,NGA,DEN,2.0,1.0
568,GER,MEX,1.0,0.0
569,NED,YUG,1.0,1.0
570,ROU,CRO,1.0,2.0
571,ARG,ENG,1.0,1.0
572,ITA,FRA,1.0,0.0
573,BRA,DEN,1.0,1.0
574,NED,ARG,1.0,1.0
575,GER,CRO,1.0,2.0
576,BRA,NED,1.0,1.0
577,FRA,CRO,1.0,1.0
578,NED,CRO,1.0,1.0
579,BRA,FRA,1.0,2.0
580,FRA,SEN,1.0,0.0
581,URU,DEN,1.0,0.0
582,IRL,CMR,1.0,1.0
583,GER,KSA,1.0,0.0
584,ARG,NGA,1.0,0.0
585,PAR,RSA,1.0,2.0
586,ENG,SWE,1.0,3.0
587,ESP,SVN,1.0,2.0
588,BRA,TUR,1.0,3.0
589,ITA,ECU,1.0,3.0
590,CRO,MEX,1.0,0.0
591,CHN,CRC,1.0,4.0
592,JPN,BEL,2.0,3.0
593,KOR,POL,1.0,3.0
594,RUS,TUN,1.0,3.0
595,USA,POR,1.0,3.0
596,GER,IRL,2.0,0.0
597,DEN,SEN,2.0,0.0
598,CMR,KSA,1.0,3.0
599,FRA,URU,1.0,0.0
600,SWE,NGA,1.0,0.0
601,ARG,ENG,1.0,2.0
602,ESP,PAR,1.0,3.0
603,RSA,SVN,1.0,1.0
604,BRA,CHN,1.0,5.0
605,ITA,CRO,1.0,1.0
606,CRC,TUR,1.0,1.0
607,JPN,RUS,1.0,0.0
608,MEX,ECU,1.0,3.0
609,KOR,USA,1.0,2.0
610,POR,POL,1.0,0.0
611,TUN,BEL,1.0,3.0
612,DEN,FRA,2.0,3.0
613,SEN,URU,2.0,1.0
614,KSA,IRL,2.0,0.0
615,CMR,GER,1.0,2.0
616,SWE,ARG,1.0,3.0
617,NGA,ENG,1.0,2.0
618,SVN,PAR,1.0,0.0
619,RSA,ESP,1.0,1.0
620,CRC,BRA,1.0,2.0
621,TUR,CHN,1.0,1.0
622,ECU,CRO,2.0,4.0
623,MEX,ITA,1.0,5.0
624,TUN,JPN,1.0,7.0
625,POR,KOR,1.0,2.0
626,POL,USA,1.0,1.0
627,BEL,RUS,1.0,0.0
628,DEN,ENG,1.0,1.0
629,GER,PAR,1.0,3.0
630,ESP,IRL,1.0,1.0
631,SWE,SEN,1.0,0.0
632,BRA,BEL,1.0,2.0
633,MEX,USA,1.0,3.0
634,JPN,TUR,1.0,1.0
635,KOR,ITA,1.0,2.0
636,ENG,BRA,1.0,2.0
637,GER,USA,1.0,1.0
638,SEN,TUR,1.0,1.0
639,ESP,KOR,2.0,2.0
640,GER,KOR,1.0,2.0
641,BRA,TUR,1.0,1.0
642,KOR,TUR,1.0,1.0
643,GER,BRA,1.0,0.0
644,GER,CRC,1.0,6.0
645,POL,ECU,1.0,1.0
646,ENG,PAR,1.0,2.0
647,TRI,SWE,1.0,0.0
648,ARG,CIV,2.0,0.0
649,SCG,NED,2.0,0.0
650,MEX,IRN,2.0,1.0
651,ANG,POR,1.0,0.0
652,AUS,JPN,1.0,3.0
653,USA,CZE,1.0,1.0
654,ITA,GHA,1.0,5.0
655,KOR,TOG,1.0,0.0
656,FRA,SUI,1.0,1.0
657,BRA,CRO,1.0,0.0
658,ESP,UKR,1.0,3.0
659,TUN,KSA,1.0,0.0
660,GER,POL,1.0,0.0
661,ECU,CRC,,2.0
662,ENG,TRI,,2.0
663,SWE,PAR,,1.0
664,ARG,SCG,,4.0
665,NED,CIV,,0.0
666,MEX,ANG,,2.0
667,POR,IRN,,4.0
668,CZE,GHA,,2.0
669,ITA,USA,,2.0
670,JPN,CRO,,3.0
671,BRA,AUS,,0.0
672,FRA,KOR,,3.0
673,TOG,SUI,,0.0
674,KSA,UKR,,0.0
675,ESP,TUN,,1.0
676,ECU,GER,,2.0
677,CRC,POL,,1.0
678,SWE,ENG,,3.0
679,PAR,TRI,,0.0
680,IRN,ANG,,1.0
681,POR,MEX,,0.0
682,NED,ARG,,4.0
683,CIV,SCG,,1.0
684,CZE,ITA,,8.0
685,GHA,USA,,2.0
686,JPN,BRA,,3.0
687,CRO,AUS,,3.0
688,UKR,TUN,,2.0
689,KSA,ESP,,1.0
690,TOG,FRA,,3.0
691,SUI,KOR,,3.0
692,GER,SWE,,2.0
693,ARG,MEX,,1.0
694,ENG,ECU,,2.0
695,POR,NED,,0.0
696,ITA,AUS,,3.0
697,SUI,UKR,,1.0
698,BRA,GHA,,1.0
699,ESP,FRA,,2.0
700,GER,ARG,,1.0
701,ITA,UKR,,3.0
702,ENG,POR,,0.0
703,BRA,FRA,,2.0
704,GER,ITA,,6.0
705,POR,FRA,,4.0
706,GER,POR,,1.0
707,ITA,FRA,,3.0
708,RSA,MEX,,1.0
709,URU,FRA,,1.0
710,KOR,GRE,,3.0
711,ARG,NGA,,2.0
712,ENG,USA,,3.0
713,ALG,SVN,,3.0
714,SRB,GHA,,0.0
715,GER,AUS,,0.0
716,NED,DEN,,0.0
717,JPN,CMR,,1.0
718,ITA,PAR,,0.0
719,NZL,SVK,,2.0
720,CIV,POR,,3.0
721,BRA,PRK,,3.0
722,HON,CHI,,7.0
723,ESP,SUI,,0.0
724,RSA,URU,,1.0
725,ARG,KOR,,2.0
726,GRE,NGA,,3.0
727,FRA,MEX,,4.0
728,GER,SRB,,2.0
729,SVN,USA,,2.0
730,ENG,ALG,,4.0
731,NED,JPN,,1.0
732,GHA,AUS,,2.0
733,CMR,DEN,,2.0
734,SVK,PAR,,6.0
735,ITA,NZL,,1.0
736,BRA,CIV,,3.0
737,POR,PRK,,3.0
738,CHI,SUI,,0.0
739,ESP,HON,,2.0
740,MEX,URU,,2.0
741,FRA,RSA,,2.0
742,NGA,KOR,,2.0
743,GRE,ARG,,4.0
744,SVN,ENG,,8.0
745,USA,ALG,,2.0
746,GHA,GER,,2.0
747,AUS,SRB,,1.0
748,SVK,ITA,,1.0
749,PAR,NZL,,2.0
750,DEN,JPN,,4.0
751,CMR,NED,,0.0
752,POR,BRA,,2.0
753,PRK,CIV,,0.0
754,CHI,ESP,,2.0
755,SUI,HON,,1.0
756,URU,KOR,,2.0
757,USA,GHA,,1.0
758,GER,ENG,,2.0
759,ARG,MEX,,0.0
760,NED,SVK,,2.0
761,BRA,CHI,,0.0
762,PAR,JPN,,0.0
763,ESP,POR,,2.0
764,NED,BRA,,1.0
765,URU,GHA,,4.0
766,ARG,GER,,7.0
767,PAR,ESP,,3.0
768,URU,NED,,2.0
769,GER,ESP,,1.0
770,URU,GER,,6.0
771,NED,ESP,,1.0
772,BRA,CRO,,3.0
773,MEX,CMR,,2.0
774,ESP,NED,,0.0
775,CHI,AUS,,1.0
776,COL,GRE,,0.0
777,URU,CRC,,1.0
778,ENG,ITA,,1.0
779,CIV,JPN,,3.0
780,SUI,ECU,,2.0
781,FRA,HON,,3.0
782,ARG,BIH,,0.0
783,GER,POR,,1.0
784,IRN,NGA,,1.0
785,GHA,USA,,0.0
786,BEL,ALG,,2.0
787,BRA,MEX,,0.0
788,RUS,KOR,,4.0
789,AUS,NED,,2.0
790,ESP,CHI,,1.0
791,CMR,CRO,,5.0
792,COL,CIV,,1.0
793,URU,ENG,,3.0
794,JPN,GRE,,0.0
795,ITA,CRC,,1.0
796,SUI,FRA,,1.0
797,HON,ECU,,4.0
798,ARG,IRN,,0.0
799,GER,GHA,,1.0
800,NGA,BIH,,3.0
801,BEL,RUS,,4.0
802,KOR,ALG,,3.0
803,USA,POR,,9.0
804,AUS,ESP,,0.0
805,NED,CHI,,0.0
806,CMR,BRA,,
807,CRO,MEX,,
808,ITA,URU,,
809,CRC,ENG,,
810,JPN,COL,,
811,GRE,CIV,,
812,NGA,ARG,,
813,BIH,IRN,,
814,HON,SUI,,
815,ECU,FRA,,
816,USA,GER,,
817,POR,GHA,,
818,KOR,BEL,,
819,ALG,RUS,,
820,BRA,CHI,,
821,COL,URU,,
822,FRA,NGA,,
823,GER,ALG,,
824,BRA,COL,,
825,FRA,GER,,
826,BRA,GER,,
827,BRA,NED,,
828,GER,ARG,,
829,NED,ARG,,
830,NED,CRC,,
831,ARG,BEL,,
832,NED,MEX,,
833,CRC,GRE,,
834,ARG,SUI,,
835,BEL,USA,,
836,BRA,CHI,,
837,COL,URU,,
838,NED,MEX,,
839,CRC,GRE,,
840,FRA,NGA,,
841,GER,ALG,,
842,ARG,SUI,,
843,BEL,USA,,
844,FRA,GER,,
845,BRA,COL,,
846,ARG,BEL,,
847,NED,CRC,,
848,BRA,GER,,
849,NED,ARG,,
850,BRA,NED,,
851,GER,ARG,,
